YEAR_FLAG,FFY,SCHOOL_YEAR,GROUP,GRADE_LEVEL,SUBJECT,TOT_IEP_CNT,TOT_PROFICIENT_CNT,TOT_PROFICIENT_PCT,R_WITH_CNT,R_WITH_PCT,A_WITH_CNT,A_WITH_PCT,R_WOUT_CNT,R_WOUT_PCT,A_WOUT_CNT,A_WOUT_PCT,TOT_RA_WITH_CNT,TOT_RA_WITH_PCT,TOT_RA_WOUT_CNT,TOT_RA_WOUT_PCT,DATE_PROCESSED
2022,FFY 2020,SY 2020-21,REGION 01,GRADE 04,ELA,2118,139,6.56,85,61.15,0,0,54,38.85,0,0,85,61.15,54,38.85,4/22/25
2022,FFY 2020,SY 2020-21,REGION 02,GRADE 04,ELA,807,83,10.29,41,49.4,0,0,42,50.6,0,0,41,49.4,42,50.6,4/22/25
2022,FFY 2020,SY 2020-21,REGION 03,GRADE 04,ELA,388,33,8.51,15,45.45,0,0,18,54.55,0,0,15,45.45,18,54.55,4/22/25
2022,FFY 2020,SY 2020-21,REGION 04,GRADE 04,ELA,8925,1045,11.71,424,40.57,0,0,621,59.43,0,0,424,40.57,621,59.43,4/22/25
2022,FFY 2020,SY 2020-21,REGION 05,GRADE 04,ELA,659,64,9.71,26,40.63,0,0,38,59.38,0,0,26,40.63,38,59.38,4/22/25
2022,FFY 2020,SY 2020-21,REGION 06,GRADE 04,ELA,1655,192,11.6,77,40.1,0,0,115,59.9,0,0,77,40.1,115,59.9,4/22/25
2022,FFY 2020,SY 2020-21,REGION 07,GRADE 04,ELA,1349,170,12.6,87,51.18,0,0,83,48.82,0,0,87,51.18,83,48.82,4/22/25
2022,FFY 2020,SY 2020-21,REGION 08,GRADE 04,ELA,485,61,12.58,24,39.34,0,0,37,60.66,0,0,24,39.34,37,60.66,4/22/25
2022,FFY 2020,SY 2020-21,REGION 09,GRADE 04,ELA,417,39,9.35,16,41.03,0,0,23,58.97,0,0,16,41.03,23,58.97,4/22/25
2022,FFY 2020,SY 2020-21,REGION 10,GRADE 04,ELA,7009,1065,15.19,441,41.41,0,0,624,58.59,0,0,441,41.41,624,58.59,4/22/25
2022,FFY 2020,SY 2020-21,REGION 11,GRADE 04,ELA,4930,678,13.75,265,39.09,0,0,413,60.91,0,0,265,39.09,413,60.91,4/22/25
2022,FFY 2020,SY 2020-21,REGION 12,GRADE 04,ELA,1535,140,9.12,61,43.57,0,0,79,56.43,0,0,61,43.57,79,56.43,4/22/25
2022,FFY 2020,SY 2020-21,REGION 13,GRADE 04,ELA,3151,374,11.87,167,44.65,0,0,207,55.35,0,0,167,44.65,207,55.35,4/22/25
2022,FFY 2020,SY 2020-21,REGION 14,GRADE 04,ELA,538,60,11.15,19,31.67,0,0,41,68.33,0,0,19,31.67,41,68.33,4/22/25
2022,FFY 2020,SY 2020-21,REGION 15,GRADE 04,ELA,393,43,10.94,16,37.21,0,0,27,62.79,0,0,16,37.21,27,62.79,4/22/25
2022,FFY 2020,SY 2020-21,REGION 16,GRADE 04,ELA,816,96,11.76,59,61.46,0,0,37,38.54,0,0,59,61.46,37,38.54,4/22/25
2022,FFY 2020,SY 2020-21,REGION 17,GRADE 04,ELA,728,76,10.44,29,38.16,0,0,47,61.84,0,0,29,38.16,47,61.84,4/22/25
2022,FFY 2020,SY 2020-21,REGION 18,GRADE 04,ELA,613,54,8.81,13,24.07,0,0,41,75.93,0,0,13,24.07,41,75.93,4/22/25
2022,FFY 2020,SY 2020-21,REGION 19,GRADE 04,ELA,965,93,9.64,39,41.94,0,0,54,58.06,0,0,39,41.94,54,58.06,4/22/25
2022,FFY 2020,SY 2020-21,REGION 20,GRADE 04,ELA,3879,388,10,164,42.27,0,0,224,57.73,0,0,164,42.27,224,57.73,4/22/25
2022,FFY 2020,SY 2020-21,STATEWIDE,GRADE 04,ELA,41360,4893,11.83,2068,42.26,0,0,2825,57.74,0,0,2068,42.26,2825,57.74,4/22/25
2023,FFY 2021,SY 2021-22,REGION 01,GRADE 04,ELA,3239,541,16.7,434,80.22,0,0,107,19.78,0,0,434,80.22,107,19.78,4/22/25
2023,FFY 2021,SY 2021-22,REGION 02,GRADE 04,ELA,809,144,17.8,83,57.64,0,0,61,42.36,0,0,83,57.64,61,42.36,4/22/25
2023,FFY 2021,SY 2021-22,REGION 03,GRADE 04,ELA,458,76,16.59,48,63.16,0,0,28,36.84,0,0,48,63.16,28,36.84,4/22/25
2023,FFY 2021,SY 2021-22,REGION 04,GRADE 04,ELA,10883,2340,21.5,1368,58.46,0,0,972,41.54,0,0,1368,58.46,972,41.54,4/22/25
2023,FFY 2021,SY 2021-22,REGION 05,GRADE 04,ELA,725,154,21.24,93,60.39,0,0,61,39.61,0,0,93,60.39,61,39.61,4/22/25
2023,FFY 2021,SY 2021-22,REGION 06,GRADE 04,ELA,2053,414,20.17,238,57.49,0,0,176,42.51,0,0,238,57.49,176,42.51,4/22/25
2023,FFY 2021,SY 2021-22,REGION 07,GRADE 04,ELA,1558,330,21.18,201,60.91,0,0,129,39.09,0,0,201,60.91,129,39.09,4/22/25
2023,FFY 2021,SY 2021-22,REGION 08,GRADE 04,ELA,521,116,22.26,63,54.31,0,0,53,45.69,0,0,63,54.31,53,45.69,4/22/25
2023,FFY 2021,SY 2021-22,REGION 09,GRADE 04,ELA,490,95,19.39,56,58.95,0,0,39,41.05,0,0,56,58.95,39,41.05,4/22/25
2023,FFY 2021,SY 2021-22,REGION 10,GRADE 04,ELA,7957,1961,24.64,1113,56.76,0,0,848,43.24,0,0,1113,56.76,848,43.24,4/22/25
2023,FFY 2021,SY 2021-22,REGION 11,GRADE 04,ELA,5529,1331,24.07,744,55.9,0,0,587,44.1,0,0,744,55.9,587,44.1,4/22/25
2023,FFY 2021,SY 2021-22,REGION 12,GRADE 04,ELA,1752,332,18.95,203,61.14,0,0,129,38.86,0,0,203,61.14,129,38.86,4/22/25
2023,FFY 2021,SY 2021-22,REGION 13,GRADE 04,ELA,3959,933,23.57,588,63.02,0,0,345,36.98,0,0,588,63.02,345,36.98,4/22/25
2023,FFY 2021,SY 2021-22,REGION 14,GRADE 04,ELA,657,110,16.74,51,46.36,0,0,59,53.64,0,0,51,46.36,59,53.64,4/22/25
2023,FFY 2021,SY 2021-22,REGION 15,GRADE 04,ELA,442,76,17.19,51,67.11,0,0,25,32.89,0,0,51,67.11,25,32.89,4/22/25
2023,FFY 2021,SY 2021-22,REGION 16,GRADE 04,ELA,845,220,26.04,149,67.73,0,0,71,32.27,0,0,149,67.73,71,32.27,4/22/25
2023,FFY 2021,SY 2021-22,REGION 17,GRADE 04,ELA,771,129,16.73,77,59.69,0,0,52,40.31,0,0,77,59.69,52,40.31,4/22/25
2023,FFY 2021,SY 2021-22,REGION 18,GRADE 04,ELA,745,132,17.72,57,43.18,0,0,75,56.82,0,0,57,43.18,75,56.82,4/22/25
2023,FFY 2021,SY 2021-22,REGION 19,GRADE 04,ELA,1515,328,21.65,200,60.98,0,0,128,39.02,0,0,200,60.98,128,39.02,4/22/25
2023,FFY 2021,SY 2021-22,REGION 20,GRADE 04,ELA,4948,995,20.11,549,55.18,0,0,446,44.82,0,0,549,55.18,446,44.82,4/22/25
2023,FFY 2021,SY 2021-22,STATEWIDE,GRADE 04,ELA,49856,10757,21.58,6366,59.18,0,0,4391,40.82,0,0,6366,59.18,4391,40.82,4/22/25
2024,FFY 2022,SY 2022-23,REGION 01,GRADE 04,ELA,3734,474,12.69,336,70.89,0,0,138,29.11,0,0,336,70.89,138,29.11,4/22/25
2024,FFY 2022,SY 2022-23,REGION 02,GRADE 04,ELA,1030,160,15.53,67,41.88,0,0,93,58.13,0,0,67,41.88,93,58.13,4/22/25
2024,FFY 2022,SY 2022-23,REGION 03,GRADE 04,ELA,484,62,12.81,28,45.16,0,0,34,54.84,0,0,28,45.16,34,54.84,4/22/25
2024,FFY 2022,SY 2022-23,REGION 04,GRADE 04,ELA,12192,1966,16.13,909,46.24,0,0,1057,53.76,0,0,909,46.24,1057,53.76,4/22/25
2024,FFY 2022,SY 2022-23,REGION 05,GRADE 04,ELA,882,113,12.81,43,38.05,0,0,70,61.95,0,0,43,38.05,70,61.95,4/22/25
2024,FFY 2022,SY 2022-23,REGION 06,GRADE 04,ELA,2325,363,15.61,158,43.53,0,0,205,56.47,0,0,158,43.53,205,56.47,4/22/25
2024,FFY 2022,SY 2022-23,REGION 07,GRADE 04,ELA,1798,249,13.85,124,49.8,0,0,125,50.2,0,0,124,49.8,125,50.2,4/22/25
2024,FFY 2022,SY 2022-23,REGION 08,GRADE 04,ELA,602,90,14.95,47,52.22,0,0,43,47.78,0,0,47,52.22,43,47.78,4/22/25
2024,FFY 2022,SY 2022-23,REGION 09,GRADE 04,ELA,555,81,14.59,40,49.38,0,0,41,50.62,0,0,40,49.38,41,50.62,4/22/25
2024,FFY 2022,SY 2022-23,REGION 10,GRADE 04,ELA,9155,1752,19.14,810,46.23,0,0,942,53.77,0,0,810,46.23,942,53.77,4/22/25
2024,FFY 2022,SY 2022-23,REGION 11,GRADE 04,ELA,6446,1175,18.23,479,40.77,0,0,696,59.23,0,0,479,40.77,696,59.23,4/22/25
2024,FFY 2022,SY 2022-23,REGION 12,GRADE 04,ELA,2234,291,13.03,121,41.58,0,0,170,58.42,0,0,121,41.58,170,58.42,4/22/25
2024,FFY 2022,SY 2022-23,REGION 13,GRADE 04,ELA,4504,869,19.29,475,54.66,0,0,394,45.34,0,0,475,54.66,394,45.34,4/22/25
2024,FFY 2022,SY 2022-23,REGION 14,GRADE 04,ELA,696,126,18.1,53,42.06,0,0,73,57.94,0,0,53,42.06,73,57.94,4/22/25
2024,FFY 2022,SY 2022-23,REGION 15,GRADE 04,ELA,557,88,15.8,39,44.32,0,0,49,55.68,0,0,39,44.32,49,55.68,4/22/25
2024,FFY 2022,SY 2022-23,REGION 16,GRADE 04,ELA,870,158,18.16,86,54.43,0,0,72,45.57,0,0,86,54.43,72,45.57,4/22/25
2024,FFY 2022,SY 2022-23,REGION 17,GRADE 04,ELA,973,118,12.13,68,57.63,0,0,50,42.37,0,0,68,57.63,50,42.37,4/22/25
2024,FFY 2022,SY 2022-23,REGION 18,GRADE 04,ELA,852,97,11.38,29,29.9,0,0,68,70.1,0,0,29,29.9,68,70.1,4/22/25
2024,FFY 2022,SY 2022-23,REGION 19,GRADE 04,ELA,1636,290,17.73,136,46.9,0,0,154,53.1,0,0,136,46.9,154,53.1,4/22/25
2024,FFY 2022,SY 2022-23,REGION 20,GRADE 04,ELA,5872,829,14.12,353,42.58,0,0,476,57.42,0,0,353,42.58,476,57.42,4/22/25
2024,FFY 2022,SY 2022-23,STATEWIDE,GRADE 04,ELA,57397,9351,16.29,4401,47.06,0,0,4950,52.94,0,0,4401,47.06,4950,52.94,4/22/25
2025,FFY 2023,SY 2023-24,REGION 01,GRADE 04,ELA,4612,711,15.42,533,74.96,0,0,178,25.04,0,0,533,74.96,178,25.04,4/22/25
2025,FFY 2023,SY 2023-24,REGION 02,GRADE 04,ELA,1445,203,14.05,108,53.2,0,0,95,46.8,0,0,108,53.2,95,46.8,4/22/25
2025,FFY 2023,SY 2023-24,REGION 03,GRADE 04,ELA,580,69,11.9,31,44.93,0,0,38,55.07,0,0,31,44.93,38,55.07,4/22/25
2025,FFY 2023,SY 2023-24,REGION 04,GRADE 04,ELA,13848,2605,18.81,1391,53.4,0,0,1214,46.6,0,0,1391,53.4,1214,46.6,4/22/25
2025,FFY 2023,SY 2023-24,REGION 05,GRADE 04,ELA,986,153,15.52,64,41.83,0,0,89,58.17,0,0,64,41.83,89,58.17,4/22/25
2025,FFY 2023,SY 2023-24,REGION 06,GRADE 04,ELA,2905,513,17.66,295,57.5,0,0,218,42.5,0,0,295,57.5,218,42.5,4/22/25
2025,FFY 2023,SY 2023-24,REGION 07,GRADE 04,ELA,2089,344,16.47,170,49.42,0,0,174,50.58,0,0,170,49.42,174,50.58,4/22/25
2025,FFY 2023,SY 2023-24,REGION 08,GRADE 04,ELA,655,104,15.88,53,50.96,0,0,51,49.04,0,0,53,50.96,51,49.04,4/22/25
2025,FFY 2023,SY 2023-24,REGION 09,GRADE 04,ELA,590,75,12.71,43,57.33,0,0,32,42.67,0,0,43,57.33,32,42.67,4/22/25
2025,FFY 2023,SY 2023-24,REGION 10,GRADE 04,ELA,10953,2175,19.86,1149,52.83,0,0,1026,47.17,0,0,1149,52.83,1026,47.17,4/22/25
2025,FFY 2023,SY 2023-24,REGION 11,GRADE 04,ELA,7934,1526,19.23,823,53.93,0,0,703,46.07,0,0,823,53.93,703,46.07,4/22/25
2025,FFY 2023,SY 2023-24,REGION 12,GRADE 04,ELA,2600,377,14.5,212,56.23,0,0,165,43.77,0,0,212,56.23,165,43.77,4/22/25
2025,FFY 2023,SY 2023-24,REGION 13,GRADE 04,ELA,5376,1105,20.55,681,61.63,0,0,424,38.37,0,0,681,61.63,424,38.37,4/22/25
2025,FFY 2023,SY 2023-24,REGION 14,GRADE 04,ELA,892,128,14.35,58,45.31,0,0,70,54.69,0,0,58,45.31,70,54.69,4/22/25
2025,FFY 2023,SY 2023-24,REGION 15,GRADE 04,ELA,721,109,15.12,54,49.54,0,0,55,50.46,0,0,54,49.54,55,50.46,4/22/25
2025,FFY 2023,SY 2023-24,REGION 16,GRADE 04,ELA,1167,210,17.99,131,62.38,0,0,79,37.62,0,0,131,62.38,79,37.62,4/22/25
2025,FFY 2023,SY 2023-24,REGION 17,GRADE 04,ELA,1177,172,14.61,115,66.86,0,0,57,33.14,0,0,115,66.86,57,33.14,4/22/25
2025,FFY 2023,SY 2023-24,REGION 18,GRADE 04,ELA,1117,175,15.67,68,38.86,0,0,107,61.14,0,0,68,38.86,107,61.14,4/22/25
2025,FFY 2023,SY 2023-24,REGION 19,GRADE 04,ELA,1814,344,18.96,191,55.52,0,0,153,44.48,0,0,191,55.52,153,44.48,4/22/25
2025,FFY 2023,SY 2023-24,REGION 20,GRADE 04,ELA,6898,1074,15.57,527,49.07,0,0,547,50.93,0,0,527,49.07,547,50.93,4/22/25
2025,FFY 2023,SY 2023-24,STATEWIDE,GRADE 04,ELA,68359,12172,17.81,6697,55.02,0,0,5475,44.98,0,0,6697,55.02,5475,44.98,4/22/25
2022,FFY 2020,SY 2020-21,REGION 01,GRADE 08,ELA,1705,117,6.86,87,74.36,0,0,30,25.64,0,0,87,74.36,30,25.64,4/22/25
2022,FFY 2020,SY 2020-21,REGION 02,GRADE 08,ELA,611,54,8.84,30,55.56,0,0,24,44.44,0,0,30,55.56,24,44.44,4/22/25
2022,FFY 2020,SY 2020-21,REGION 03,GRADE 08,ELA,376,27,7.18,20,74.07,0,0,7,25.93,0,0,20,74.07,7,25.93,4/22/25
2022,FFY 2020,SY 2020-21,REGION 04,GRADE 08,ELA,6582,728,11.06,451,61.95,0,0,277,38.05,0,0,451,61.95,277,38.05,4/22/25
2022,FFY 2020,SY 2020-21,REGION 05,GRADE 08,ELA,541,41,7.58,20,48.78,0,0,21,51.22,0,0,20,48.78,21,51.22,4/22/25
2022,FFY 2020,SY 2020-21,REGION 06,GRADE 08,ELA,1314,136,10.35,79,58.09,0,0,57,41.91,0,0,79,58.09,57,41.91,4/22/25
2022,FFY 2020,SY 2020-21,REGION 07,GRADE 08,ELA,1273,124,9.74,94,75.81,0,0,30,24.19,0,0,94,75.81,30,24.19,4/22/25
2022,FFY 2020,SY 2020-21,REGION 08,GRADE 08,ELA,418,36,8.61,33,91.67,0,0,3,8.33,0,0,33,91.67,3,8.33,4/22/25
2022,FFY 2020,SY 2020-21,REGION 09,GRADE 08,ELA,333,23,6.91,14,60.87,0,0,9,39.13,0,0,14,60.87,9,39.13,4/22/25
2022,FFY 2020,SY 2020-21,REGION 10,GRADE 08,ELA,5332,660,12.38,400,60.61,0,0,260,39.39,0,0,400,60.61,260,39.39,4/22/25
2022,FFY 2020,SY 2020-21,REGION 11,GRADE 08,ELA,3693,390,10.56,224,57.44,0,0,166,42.56,0,0,224,57.44,166,42.56,4/22/25
2022,FFY 2020,SY 2020-21,REGION 12,GRADE 08,ELA,1299,115,8.85,78,67.83,0,0,37,32.17,0,0,78,67.83,37,32.17,4/22/25
2022,FFY 2020,SY 2020-21,REGION 13,GRADE 08,ELA,1900,172,9.05,101,58.72,0,0,71,41.28,0,0,101,58.72,71,41.28,4/22/25
2022,FFY 2020,SY 2020-21,REGION 14,GRADE 08,ELA,434,47,10.83,28,59.57,0,0,19,40.43,0,0,28,59.57,19,40.43,4/22/25
2022,FFY 2020,SY 2020-21,REGION 15,GRADE 08,ELA,339,21,6.19,11,52.38,0,0,10,47.62,0,0,11,52.38,10,47.62,4/22/25
2022,FFY 2020,SY 2020-21,REGION 16,GRADE 08,ELA,693,72,10.39,54,75,0,0,18,25,0,0,54,75,18,25,4/22/25
2022,FFY 2020,SY 2020-21,REGION 17,GRADE 08,ELA,619,41,6.62,29,70.73,0,0,12,29.27,0,0,29,70.73,12,29.27,4/22/25
2022,FFY 2020,SY 2020-21,REGION 18,GRADE 08,ELA,508,36,7.09,30,83.33,0,0,6,16.67,0,0,30,83.33,6,16.67,4/22/25
2022,FFY 2020,SY 2020-21,REGION 19,GRADE 08,ELA,740,75,10.14,49,65.33,0,0,26,34.67,0,0,49,65.33,26,34.67,4/22/25
2022,FFY 2020,SY 2020-21,REGION 20,GRADE 08,ELA,2948,265,8.99,157,59.25,0,0,108,40.75,0,0,157,59.25,108,40.75,4/22/25
2022,FFY 2020,SY 2020-21,STATEWIDE,GRADE 08,ELA,31658,3180,10.04,1989,62.55,0,0,1191,37.45,0,0,1989,62.55,1191,37.45,4/22/25
2023,FFY 2021,SY 2021-22,REGION 01,GRADE 08,ELA,2901,422,14.55,370,87.68,0,0,52,12.32,0,0,370,87.68,52,12.32,4/22/25
2023,FFY 2021,SY 2021-22,REGION 02,GRADE 08,ELA,747,99,13.25,67,67.68,0,0,32,32.32,0,0,67,67.68,32,32.32,4/22/25
2023,FFY 2021,SY 2021-22,REGION 03,GRADE 08,ELA,433,41,9.47,33,80.49,0,0,8,19.51,0,0,33,80.49,8,19.51,4/22/25
2023,FFY 2021,SY 2021-22,REGION 04,GRADE 08,ELA,8620,1447,16.79,1018,70.35,0,0,429,29.65,0,0,1018,70.35,429,29.65,4/22/25
2023,FFY 2021,SY 2021-22,REGION 05,GRADE 08,ELA,600,64,10.67,47,73.44,0,0,17,26.56,0,0,47,73.44,17,26.56,4/22/25
2023,FFY 2021,SY 2021-22,REGION 06,GRADE 08,ELA,1524,215,14.11,141,65.58,0,0,74,34.42,0,0,141,65.58,74,34.42,4/22/25
2023,FFY 2021,SY 2021-22,REGION 07,GRADE 08,ELA,1582,230,14.54,180,78.26,0,0,50,21.74,0,0,180,78.26,50,21.74,4/22/25
2023,FFY 2021,SY 2021-22,REGION 08,GRADE 08,ELA,464,73,15.73,64,87.67,0,0,9,12.33,0,0,64,87.67,9,12.33,4/22/25
2023,FFY 2021,SY 2021-22,REGION 09,GRADE 08,ELA,365,43,11.78,29,67.44,0,0,14,32.56,0,0,29,67.44,14,32.56,4/22/25
2023,FFY 2021,SY 2021-22,REGION 10,GRADE 08,ELA,6568,1128,17.17,840,74.47,0,0,288,25.53,0,0,840,74.47,288,25.53,4/22/25
2023,FFY 2021,SY 2021-22,REGION 11,GRADE 08,ELA,4468,772,17.28,548,70.98,0,0,224,29.02,0,0,548,70.98,224,29.02,4/22/25
2023,FFY 2021,SY 2021-22,REGION 12,GRADE 08,ELA,1528,211,13.81,171,81.04,0,0,40,18.96,0,0,171,81.04,40,18.96,4/22/25
2023,FFY 2021,SY 2021-22,REGION 13,GRADE 08,ELA,3566,604,16.94,427,70.7,0,0,177,29.3,0,0,427,70.7,177,29.3,4/22/25
2023,FFY 2021,SY 2021-22,REGION 14,GRADE 08,ELA,476,66,13.87,50,75.76,0,0,16,24.24,0,0,50,75.76,16,24.24,4/22/25
2023,FFY 2021,SY 2021-22,REGION 15,GRADE 08,ELA,446,53,11.88,39,73.58,0,0,14,26.42,0,0,39,73.58,14,26.42,4/22/25
2023,FFY 2021,SY 2021-22,REGION 16,GRADE 08,ELA,740,94,12.7,80,85.11,0,0,14,14.89,0,0,80,85.11,14,14.89,4/22/25
2023,FFY 2021,SY 2021-22,REGION 17,GRADE 08,ELA,671,65,9.69,56,86.15,0,0,9,13.85,0,0,56,86.15,9,13.85,4/22/25
2023,FFY 2021,SY 2021-22,REGION 18,GRADE 08,ELA,616,141,22.89,29,20.57,0,0,112,79.43,0,0,29,20.57,112,79.43,4/22/25
2023,FFY 2021,SY 2021-22,REGION 19,GRADE 08,ELA,1374,227,16.52,187,82.38,0,0,40,17.62,0,0,187,82.38,40,17.62,4/22/25
2023,FFY 2021,SY 2021-22,REGION 20,GRADE 08,ELA,4092,619,15.13,450,72.7,0,0,169,27.3,0,0,450,72.7,169,27.3,4/22/25
2023,FFY 2021,SY 2021-22,STATEWIDE,GRADE 08,ELA,41781,6614,15.83,4826,72.97,0,0,1788,27.03,0,0,4826,72.97,1788,27.03,4/22/25
2024,FFY 2022,SY 2022-23,REGION 01,GRADE 08,ELA,3333,482,14.46,388,80.5,8,1.66,82,17.01,4,0.83,396,82.16,86,17.84,4/22/25
2024,FFY 2022,SY 2022-23,REGION 02,GRADE 08,ELA,752,112,14.89,67,59.82,0,0,45,40.18,0,0,67,59.82,45,40.18,4/22/25
2024,FFY 2022,SY 2022-23,REGION 03,GRADE 08,ELA,421,26,6.18,22,84.62,0,0,4,15.38,0,0,22,84.62,4,15.38,4/22/25
2024,FFY 2022,SY 2022-23,REGION 04,GRADE 08,ELA,9658,1553,16.08,960,61.82,0,0,593,38.18,0,0,960,61.82,593,38.18,4/22/25
2024,FFY 2022,SY 2022-23,REGION 05,GRADE 08,ELA,621,64,10.31,48,75,0,0,16,25,0,0,48,75,16,25,4/22/25
2024,FFY 2022,SY 2022-23,REGION 06,GRADE 08,ELA,1718,208,12.11,116,55.77,0,0,89,42.79,3,1.44,116,55.77,92,44.23,4/22/25
2024,FFY 2022,SY 2022-23,REGION 07,GRADE 08,ELA,1781,229,12.86,156,68.12,0,0,67,29.26,6,2.62,156,68.12,73,31.88,4/22/25
2024,FFY 2022,SY 2022-23,REGION 08,GRADE 08,ELA,504,61,12.1,46,75.41,1,1.64,14,22.95,0,0,47,77.05,14,22.95,4/22/25
2024,FFY 2022,SY 2022-23,REGION 09,GRADE 08,ELA,416,58,13.94,44,75.86,0,0,14,24.14,0,0,44,75.86,14,24.14,4/22/25
2024,FFY 2022,SY 2022-23,REGION 10,GRADE 08,ELA,7098,1264,17.81,832,65.82,7,0.55,420,33.23,5,0.4,839,66.38,425,33.62,4/22/25
2024,FFY 2022,SY 2022-23,REGION 11,GRADE 08,ELA,4942,827,16.73,505,61.06,6,0.73,299,36.15,17,2.06,511,61.79,316,38.21,4/22/25
2024,FFY 2022,SY 2022-23,REGION 12,GRADE 08,ELA,1739,223,12.82,165,73.99,0,0,58,26.01,0,0,165,73.99,58,26.01,4/22/25
2024,FFY 2022,SY 2022-23,REGION 13,GRADE 08,ELA,3613,650,17.99,433,66.62,1,0.15,215,33.08,1,0.15,434,66.77,216,33.23,4/22/25
2024,FFY 2022,SY 2022-23,REGION 14,GRADE 08,ELA,515,66,12.82,36,54.55,0,0,30,45.45,0,0,36,54.55,30,45.45,4/22/25
2024,FFY 2022,SY 2022-23,REGION 15,GRADE 08,ELA,502,59,11.75,33,55.93,0,0,26,44.07,0,0,33,55.93,26,44.07,4/22/25
2024,FFY 2022,SY 2022-23,REGION 16,GRADE 08,ELA,784,104,13.27,84,80.77,0,0,20,19.23,0,0,84,80.77,20,19.23,4/22/25
2024,FFY 2022,SY 2022-23,REGION 17,GRADE 08,ELA,733,81,11.05,58,71.6,0,0,23,28.4,0,0,58,71.6,23,28.4,4/22/25
2024,FFY 2022,SY 2022-23,REGION 18,GRADE 08,ELA,633,57,9,47,82.46,0,0,10,17.54,0,0,47,82.46,10,17.54,4/22/25
2024,FFY 2022,SY 2022-23,REGION 19,GRADE 08,ELA,1369,211,15.41,142,67.3,0,0,69,32.7,0,0,142,67.3,69,32.7,4/22/25
2024,FFY 2022,SY 2022-23,REGION 20,GRADE 08,ELA,4719,645,13.67,385,59.69,2,0.31,256,39.69,2,0.31,387,60,258,40,4/22/25
2024,FFY 2022,SY 2022-23,STATEWIDE,GRADE 08,ELA,45851,6980,15.22,4567,65.43,25,0.36,2350,33.67,38,0.54,4592,65.79,2388,34.21,4/22/25
2025,FFY 2023,SY 2023-24,REGION 01,GRADE 08,ELA,3601,530,14.72,416,78.49,6,1.13,103,19.43,5,0.94,422,79.62,108,20.38,4/22/25
2025,FFY 2023,SY 2023-24,REGION 02,GRADE 08,ELA,822,119,14.48,78,65.55,0,0,41,34.45,0,0,78,65.55,41,34.45,4/22/25
2025,FFY 2023,SY 2023-24,REGION 03,GRADE 08,ELA,436,39,8.94,29,74.36,0,0,10,25.64,0,0,29,74.36,10,25.64,4/22/25
2025,FFY 2023,SY 2023-24,REGION 04,GRADE 08,ELA,10291,1784,17.34,1091,61.15,1,0.06,688,38.57,4,0.22,1092,61.21,692,38.79,4/22/25
2025,FFY 2023,SY 2023-24,REGION 05,GRADE 08,ELA,744,76,10.22,40,52.63,1,1.32,35,46.05,0,0,41,53.95,35,46.05,4/22/25
2025,FFY 2023,SY 2023-24,REGION 06,GRADE 08,ELA,1976,267,13.51,179,67.04,1,0.37,86,32.21,1,0.37,180,67.42,87,32.58,4/22/25
2025,FFY 2023,SY 2023-24,REGION 07,GRADE 08,ELA,2056,266,12.94,199,74.81,3,1.13,63,23.68,1,0.38,202,75.94,64,24.06,4/22/25
2025,FFY 2023,SY 2023-24,REGION 08,GRADE 08,ELA,509,70,13.75,54,77.14,0,0,16,22.86,0,0,54,77.14,16,22.86,4/22/25
2025,FFY 2023,SY 2023-24,REGION 09,GRADE 08,ELA,416,45,10.82,39,86.67,0,0,6,13.33,0,0,39,86.67,6,13.33,4/22/25
2025,FFY 2023,SY 2023-24,REGION 10,GRADE 08,ELA,7556,1485,19.65,949,63.91,5,0.34,520,35.02,11,0.74,954,64.24,531,35.76,4/22/25
2025,FFY 2023,SY 2023-24,REGION 11,GRADE 08,ELA,5162,868,16.82,549,63.25,10,1.15,292,33.64,17,1.96,559,64.4,309,35.6,4/22/25
2025,FFY 2023,SY 2023-24,REGION 12,GRADE 08,ELA,1787,244,13.65,175,71.72,0,0,69,28.28,0,0,175,71.72,69,28.28,4/22/25
2025,FFY 2023,SY 2023-24,REGION 13,GRADE 08,ELA,3871,708,18.29,437,61.72,4,0.56,265,37.43,2,0.28,441,62.29,267,37.71,4/22/25
2025,FFY 2023,SY 2023-24,REGION 14,GRADE 08,ELA,611,88,14.4,65,73.86,0,0,23,26.14,0,0,65,73.86,23,26.14,4/22/25
2025,FFY 2023,SY 2023-24,REGION 15,GRADE 08,ELA,516,66,12.79,45,68.18,0,0,20,30.3,1,1.52,45,68.18,21,31.82,4/22/25
2025,FFY 2023,SY 2023-24,REGION 16,GRADE 08,ELA,839,105,12.51,82,78.1,0,0,23,21.9,0,0,82,78.1,23,21.9,4/22/25
2025,FFY 2023,SY 2023-24,REGION 17,GRADE 08,ELA,849,83,9.78,58,69.88,0,0,25,30.12,0,0,58,69.88,25,30.12,4/22/25
2025,FFY 2023,SY 2023-24,REGION 18,GRADE 08,ELA,806,87,10.79,46,52.87,0,0,40,45.98,1,1.15,46,52.87,41,47.13,4/22/25
2025,FFY 2023,SY 2023-24,REGION 19,GRADE 08,ELA,1375,239,17.38,167,69.87,0,0,72,30.13,0,0,167,69.87,72,30.13,4/22/25
2025,FFY 2023,SY 2023-24,REGION 20,GRADE 08,ELA,4991,673,13.48,396,58.84,0,0,270,40.12,7,1.04,396,58.84,277,41.16,4/22/25
2025,FFY 2023,SY 2023-24,STATEWIDE,GRADE 08,ELA,49214,7842,15.93,5094,64.96,31,0.4,2667,34.01,50,0.64,5125,65.35,2717,34.65,4/22/25
2022,FFY 2020,SY 2020-21,REGION 01,GRADE HS,EOC ENGLISH I,2796,232,8.3,198,85.34,0,0,34,14.66,0,0,198,85.34,34,14.66,4/22/25
2022,FFY 2020,SY 2020-21,REGION 02,GRADE HS,EOC ENGLISH I,758,60,7.92,37,61.67,0,0,23,38.33,0,0,37,61.67,23,38.33,4/22/25
2022,FFY 2020,SY 2020-21,REGION 03,GRADE HS,EOC ENGLISH I,516,33,6.4,23,69.7,0,0,10,30.3,0,0,23,69.7,10,30.3,4/22/25
2022,FFY 2020,SY 2020-21,REGION 04,GRADE HS,EOC ENGLISH I,8742,987,11.29,683,69.2,0,0,304,30.8,0,0,683,69.2,304,30.8,4/22/25
2022,FFY 2020,SY 2020-21,REGION 05,GRADE HS,EOC ENGLISH I,622,48,7.72,28,58.33,0,0,20,41.67,0,0,28,58.33,20,41.67,4/22/25
2022,FFY 2020,SY 2020-21,REGION 06,GRADE HS,EOC ENGLISH I,1466,157,10.71,107,68.15,0,0,50,31.85,0,0,107,68.15,50,31.85,4/22/25
2022,FFY 2020,SY 2020-21,REGION 07,GRADE HS,EOC ENGLISH I,1455,128,8.8,102,79.69,0,0,26,20.31,0,0,102,79.69,26,20.31,4/22/25
2022,FFY 2020,SY 2020-21,REGION 08,GRADE HS,EOC ENGLISH I,465,46,9.89,37,80.43,0,0,9,19.57,0,0,37,80.43,9,19.57,4/22/25
2022,FFY 2020,SY 2020-21,REGION 09,GRADE HS,EOC ENGLISH I,344,32,9.3,24,75,0,0,8,25,0,0,24,75,8,25,4/22/25
2022,FFY 2020,SY 2020-21,REGION 10,GRADE HS,EOC ENGLISH I,6593,754,11.44,510,67.64,0,0,244,32.36,0,0,510,67.64,244,32.36,4/22/25
2022,FFY 2020,SY 2020-21,REGION 11,GRADE HS,EOC ENGLISH I,4659,577,12.38,399,69.15,0,0,178,30.85,0,0,399,69.15,178,30.85,4/22/25
2022,FFY 2020,SY 2020-21,REGION 12,GRADE HS,EOC ENGLISH I,1493,141,9.44,114,80.85,0,0,27,19.15,0,0,114,80.85,27,19.15,4/22/25
2022,FFY 2020,SY 2020-21,REGION 13,GRADE HS,EOC ENGLISH I,3326,384,11.55,270,70.31,0,0,114,29.69,0,0,270,70.31,114,29.69,4/22/25
2022,FFY 2020,SY 2020-21,REGION 14,GRADE HS,EOC ENGLISH I,462,51,11.04,40,78.43,0,0,11,21.57,0,0,40,78.43,11,21.57,4/22/25
2022,FFY 2020,SY 2020-21,REGION 15,GRADE HS,EOC ENGLISH I,451,41,9.09,29,70.73,0,0,12,29.27,0,0,29,70.73,12,29.27,4/22/25
2022,FFY 2020,SY 2020-21,REGION 16,GRADE HS,EOC ENGLISH I,721,76,10.54,71,93.42,0,0,5,6.58,0,0,71,93.42,5,6.58,4/22/25
2022,FFY 2020,SY 2020-21,REGION 17,GRADE HS,EOC ENGLISH I,567,49,8.64,40,81.63,0,0,9,18.37,0,0,40,81.63,9,18.37,4/22/25
2022,FFY 2020,SY 2020-21,REGION 18,GRADE HS,EOC ENGLISH I,651,33,5.07,21,63.64,0,0,12,36.36,0,0,21,63.64,12,36.36,4/22/25
2022,FFY 2020,SY 2020-21,REGION 19,GRADE HS,EOC ENGLISH I,1481,106,7.16,78,73.58,0,0,28,26.42,0,0,78,73.58,28,26.42,4/22/25
2022,FFY 2020,SY 2020-21,REGION 20,GRADE HS,EOC ENGLISH I,4087,433,10.59,310,71.59,0,0,123,28.41,0,0,310,71.59,123,28.41,4/22/25
2022,FFY 2020,SY 2020-21,STATEWIDE,GRADE HS,EOC ENGLISH I,41655,4368,10.49,3121,71.45,0,0,1247,28.55,0,0,3121,71.45,1247,28.55,4/22/25
2023,FFY 2021,SY 2021-22,REGION 01,GRADE HS,EOC ENGLISH I,4603,371,8.06,323,87.06,0,0,48,12.94,0,0,323,87.06,48,12.94,4/22/25
2023,FFY 2021,SY 2021-22,REGION 02,GRADE HS,EOC ENGLISH I,1109,79,7.12,60,75.95,0,0,19,24.05,0,0,60,75.95,19,24.05,4/22/25
2023,FFY 2021,SY 2021-22,REGION 03,GRADE HS,EOC ENGLISH I,682,30,4.4,23,76.67,0,0,7,23.33,0,0,23,76.67,7,23.33,4/22/25
2023,FFY 2021,SY 2021-22,REGION 04,GRADE HS,EOC ENGLISH I,13194,1407,10.66,1016,72.21,0,0,391,27.79,0,0,1016,72.21,391,27.79,4/22/25
2023,FFY 2021,SY 2021-22,REGION 05,GRADE HS,EOC ENGLISH I,947,59,6.23,41,69.49,0,0,18,30.51,0,0,41,69.49,18,30.51,4/22/25
2023,FFY 2021,SY 2021-22,REGION 06,GRADE HS,EOC ENGLISH I,2225,204,9.17,143,70.1,0,0,61,29.9,0,0,143,70.1,61,29.9,4/22/25
2023,FFY 2021,SY 2021-22,REGION 07,GRADE HS,EOC ENGLISH I,2385,224,9.39,180,80.36,0,0,44,19.64,0,0,180,80.36,44,19.64,4/22/25
2023,FFY 2021,SY 2021-22,REGION 08,GRADE HS,EOC ENGLISH I,604,57,9.44,45,78.95,0,0,12,21.05,0,0,45,78.95,12,21.05,4/22/25
2023,FFY 2021,SY 2021-22,REGION 09,GRADE HS,EOC ENGLISH I,474,42,8.86,36,85.71,0,0,6,14.29,0,0,36,85.71,6,14.29,4/22/25
2023,FFY 2021,SY 2021-22,REGION 10,GRADE HS,EOC ENGLISH I,9758,1086,11.13,831,76.52,0,0,255,23.48,0,0,831,76.52,255,23.48,4/22/25
2023,FFY 2021,SY 2021-22,REGION 11,GRADE HS,EOC ENGLISH I,6770,741,10.95,557,75.17,0,0,184,24.83,0,0,557,75.17,184,24.83,4/22/25
2023,FFY 2021,SY 2021-22,REGION 12,GRADE HS,EOC ENGLISH I,2225,192,8.63,151,78.65,0,0,41,21.35,0,0,151,78.65,41,21.35,4/22/25
2023,FFY 2021,SY 2021-22,REGION 13,GRADE HS,EOC ENGLISH I,5598,634,11.33,463,73.03,0,0,171,26.97,0,0,463,73.03,171,26.97,4/22/25
2023,FFY 2021,SY 2021-22,REGION 14,GRADE HS,EOC ENGLISH I,605,57,9.42,43,75.44,0,0,14,24.56,0,0,43,75.44,14,24.56,4/22/25
2023,FFY 2021,SY 2021-22,REGION 15,GRADE HS,EOC ENGLISH I,636,52,8.18,43,82.69,0,0,9,17.31,0,0,43,82.69,9,17.31,4/22/25
2023,FFY 2021,SY 2021-22,REGION 16,GRADE HS,EOC ENGLISH I,1048,80,7.63,72,90,0,0,8,10,0,0,72,90,8,10,4/22/25
2023,FFY 2021,SY 2021-22,REGION 17,GRADE HS,EOC ENGLISH I,929,47,5.06,38,80.85,0,0,9,19.15,0,0,38,80.85,9,19.15,4/22/25
2023,FFY 2021,SY 2021-22,REGION 18,GRADE HS,EOC ENGLISH I,922,52,5.64,43,82.69,0,0,9,17.31,0,0,43,82.69,9,17.31,4/22/25
2023,FFY 2021,SY 2021-22,REGION 19,GRADE HS,EOC ENGLISH I,2440,204,8.36,171,83.82,0,0,33,16.18,0,0,171,83.82,33,16.18,4/22/25
2023,FFY 2021,SY 2021-22,REGION 20,GRADE HS,EOC ENGLISH I,6384,626,9.81,487,77.8,0,0,139,22.2,0,0,487,77.8,139,22.2,4/22/25
2023,FFY 2021,SY 2021-22,STATEWIDE,GRADE HS,EOC ENGLISH I,63549,6248,9.83,4769,76.33,0,0,1479,23.67,0,0,4769,76.33,1479,23.67,4/22/25
2024,FFY 2022,SY 2022-23,REGION 01,GRADE HS,EOC ENGLISH I,4963,606,12.21,537,88.61,0,0,69,11.39,0,0,537,88.61,69,11.39,4/22/25
2024,FFY 2022,SY 2022-23,REGION 02,GRADE HS,EOC ENGLISH I,1286,136,10.58,97,71.32,0,0,39,28.68,0,0,97,71.32,39,28.68,4/22/25
2024,FFY 2022,SY 2022-23,REGION 03,GRADE HS,EOC ENGLISH I,670,59,8.81,48,81.36,0,0,11,18.64,0,0,48,81.36,11,18.64,4/22/25
2024,FFY 2022,SY 2022-23,REGION 04,GRADE HS,EOC ENGLISH I,14796,2102,14.21,1438,68.41,0,0,664,31.59,0,0,1438,68.41,664,31.59,4/22/25
2024,FFY 2022,SY 2022-23,REGION 05,GRADE HS,EOC ENGLISH I,1016,90,8.86,64,71.11,0,0,26,28.89,0,0,64,71.11,26,28.89,4/22/25
2024,FFY 2022,SY 2022-23,REGION 06,GRADE HS,EOC ENGLISH I,2402,338,14.07,248,73.37,0,0,90,26.63,0,0,248,73.37,90,26.63,4/22/25
2024,FFY 2022,SY 2022-23,REGION 07,GRADE HS,EOC ENGLISH I,2789,357,12.8,289,80.95,0,0,68,19.05,0,0,289,80.95,68,19.05,4/22/25
2024,FFY 2022,SY 2022-23,REGION 08,GRADE HS,EOC ENGLISH I,626,96,15.34,85,88.54,0,0,11,11.46,0,0,85,88.54,11,11.46,4/22/25
2024,FFY 2022,SY 2022-23,REGION 09,GRADE HS,EOC ENGLISH I,514,71,13.81,59,83.1,0,0,12,16.9,0,0,59,83.1,12,16.9,4/22/25
2024,FFY 2022,SY 2022-23,REGION 10,GRADE HS,EOC ENGLISH I,10917,1648,15.1,1164,70.63,0,0,484,29.37,0,0,1164,70.63,484,29.37,4/22/25
2024,FFY 2022,SY 2022-23,REGION 11,GRADE HS,EOC ENGLISH I,7320,1127,15.4,820,72.76,0,0,307,27.24,0,0,820,72.76,307,27.24,4/22/25
2024,FFY 2022,SY 2022-23,REGION 12,GRADE HS,EOC ENGLISH I,2541,331,13.03,244,73.72,0,0,87,26.28,0,0,244,73.72,87,26.28,4/22/25
2024,FFY 2022,SY 2022-23,REGION 13,GRADE HS,EOC ENGLISH I,5907,975,16.51,659,67.59,0,0,316,32.41,0,0,659,67.59,316,32.41,4/22/25
2024,FFY 2022,SY 2022-23,REGION 14,GRADE HS,EOC ENGLISH I,692,121,17.49,84,69.42,0,0,37,30.58,0,0,84,69.42,37,30.58,4/22/25
2024,FFY 2022,SY 2022-23,REGION 15,GRADE HS,EOC ENGLISH I,755,105,13.91,78,74.29,0,0,27,25.71,0,0,78,74.29,27,25.71,4/22/25
2024,FFY 2022,SY 2022-23,REGION 16,GRADE HS,EOC ENGLISH I,1080,147,13.61,132,89.8,0,0,15,10.2,0,0,132,89.8,15,10.2,4/22/25
2024,FFY 2022,SY 2022-23,REGION 17,GRADE HS,EOC ENGLISH I,1005,110,10.95,85,77.27,0,0,25,22.73,0,0,85,77.27,25,22.73,4/22/25
2024,FFY 2022,SY 2022-23,REGION 18,GRADE HS,EOC ENGLISH I,1075,71,6.6,57,80.28,0,0,14,19.72,0,0,57,80.28,14,19.72,4/22/25
2024,FFY 2022,SY 2022-23,REGION 19,GRADE HS,EOC ENGLISH I,2533,318,12.55,248,77.99,0,0,70,22.01,0,0,248,77.99,70,22.01,4/22/25
2024,FFY 2022,SY 2022-23,REGION 20,GRADE HS,EOC ENGLISH I,7320,959,13.1,677,70.59,0,0,282,29.41,0,0,677,70.59,282,29.41,4/22/25
2024,FFY 2022,SY 2022-23,STATEWIDE,GRADE HS,EOC ENGLISH I,70207,9767,13.91,7113,72.83,0,0,2654,27.17,0,0,7113,72.83,2654,27.17,4/22/25
2025,FFY 2023,SY 2023-24,REGION 01,GRADE HS,EOC ENGLISH I,5169,670,12.96,577,86.12,0,0,93,13.88,0,0,577,86.12,93,13.88,4/22/25
2025,FFY 2023,SY 2023-24,REGION 02,GRADE HS,EOC ENGLISH I,1239,147,11.86,103,70.07,0,0,44,29.93,0,0,103,70.07,44,29.93,4/22/25
2025,FFY 2023,SY 2023-24,REGION 03,GRADE HS,EOC ENGLISH I,636,44,6.92,35,79.55,0,0,9,20.45,0,0,35,79.55,9,20.45,4/22/25
2025,FFY 2023,SY 2023-24,REGION 04,GRADE HS,EOC ENGLISH I,15751,2306,14.64,1503,65.18,0,0,803,34.82,0,0,1503,65.18,803,34.82,4/22/25
2025,FFY 2023,SY 2023-24,REGION 05,GRADE HS,EOC ENGLISH I,1009,103,10.21,80,77.67,0,0,23,22.33,0,0,80,77.67,23,22.33,4/22/25
2025,FFY 2023,SY 2023-24,REGION 06,GRADE HS,EOC ENGLISH I,2520,355,14.09,250,70.42,0,0,105,29.58,0,0,250,70.42,105,29.58,4/22/25
2025,FFY 2023,SY 2023-24,REGION 07,GRADE HS,EOC ENGLISH I,3068,383,12.48,302,78.85,0,0,81,21.15,0,0,302,78.85,81,21.15,4/22/25
2025,FFY 2023,SY 2023-24,REGION 08,GRADE HS,EOC ENGLISH I,668,88,13.17,78,88.64,0,0,10,11.36,0,0,78,88.64,10,11.36,4/22/25
2025,FFY 2023,SY 2023-24,REGION 09,GRADE HS,EOC ENGLISH I,538,74,13.75,61,82.43,0,0,13,17.57,0,0,61,82.43,13,17.57,4/22/25
2025,FFY 2023,SY 2023-24,REGION 10,GRADE HS,EOC ENGLISH I,11439,1663,14.54,1146,68.91,0,0,517,31.09,0,0,1146,68.91,517,31.09,4/22/25
2025,FFY 2023,SY 2023-24,REGION 11,GRADE HS,EOC ENGLISH I,7758,1143,14.73,839,73.4,0,0,304,26.6,0,0,839,73.4,304,26.6,4/22/25
2025,FFY 2023,SY 2023-24,REGION 12,GRADE HS,EOC ENGLISH I,2599,364,14.01,262,71.98,0,0,102,28.02,0,0,262,71.98,102,28.02,4/22/25
2025,FFY 2023,SY 2023-24,REGION 13,GRADE HS,EOC ENGLISH I,5979,1028,17.19,731,71.11,0,0,297,28.89,0,0,731,71.11,297,28.89,4/22/25
2025,FFY 2023,SY 2023-24,REGION 14,GRADE HS,EOC ENGLISH I,704,114,16.19,82,71.93,0,0,32,28.07,0,0,82,71.93,32,28.07,4/22/25
2025,FFY 2023,SY 2023-24,REGION 15,GRADE HS,EOC ENGLISH I,797,96,12.05,73,76.04,0,0,23,23.96,0,0,73,76.04,23,23.96,4/22/25
2025,FFY 2023,SY 2023-24,REGION 16,GRADE HS,EOC ENGLISH I,1018,150,14.73,129,86,0,0,21,14,0,0,129,86,21,14,4/22/25
2025,FFY 2023,SY 2023-24,REGION 17,GRADE HS,EOC ENGLISH I,1006,122,12.13,96,78.69,0,0,26,21.31,0,0,96,78.69,26,21.31,4/22/25
2025,FFY 2023,SY 2023-24,REGION 18,GRADE HS,EOC ENGLISH I,1335,122,9.14,83,68.03,0,0,39,31.97,0,0,83,68.03,39,31.97,4/22/25
2025,FFY 2023,SY 2023-24,REGION 19,GRADE HS,EOC ENGLISH I,2278,296,12.99,207,69.93,0,0,89,30.07,0,0,207,69.93,89,30.07,4/22/25
2025,FFY 2023,SY 2023-24,REGION 20,GRADE HS,EOC ENGLISH I,7666,1001,13.06,691,69.03,0,0,310,30.97,0,0,691,69.03,310,30.97,4/22/25
2025,FFY 2023,SY 2023-24,STATEWIDE,GRADE HS,EOC ENGLISH I,73177,10269,14.03,7328,71.36,0,0,2941,28.64,0,0,7328,71.36,2941,28.64,4/22/25